{
  "model_family": "Cerebras-GPT",
  "model_size": "2.7B",
  "n_books": 500,
  "n_clusters": 32,
  "n_noise": 82,
  "cluster_sizes": {
    "0": 12,
    "1": 9,
    "2": 8,
    "3": 16,
    "4": 12,
    "5": 11,
    "6": 26,
    "7": 12,
    "8": 18,
    "9": 5,
    "10": 17,
    "11": 5,
    "12": 25,
    "13": 6,
    "14": 13,
    "15": 9,
    "16": 5,
    "17": 5,
    "18": 7,
    "19": 18,
    "20": 6,
    "21": 5,
    "22": 5,
    "23": 13,
    "24": 25,
    "25": 63,
    "26": 12,
    "27": 5,
    "28": 6,
    "29": 19,
    "30": 5,
    "31": 15
  },
  "cluster_stability": {
    "0": 0.461672,
    "1": 0.687071,
    "2": 0.424671,
    "3": 0.239633,
    "4": 0.446586,
    "5": 0.349335,
    "6": 0.12734,
    "7": 0.328729,
    "8": 0.159574,
    "9": 0.258902,
    "10": 0.168641,
    "11": 0.0,
    "12": 0.186116,
    "13": 0.026847,
    "14": 0.13758,
    "15": 0.039183,
    "16": 0.112194,
    "17": 0.077347,
    "18": 0.059026,
    "19": 0.251611,
    "20": 0.01278,
    "21": 0.149852,
    "22": 0.0,
    "23": 0.157965,
    "24": 0.085031,
    "25": 0.037888,
    "26": 0.143804,
    "27": 0.030806,
    "28": 0.054542,
    "29": 0.204152,
    "30": 0.037528,
    "31": 0.058597
  }
}