{
  "model_family": "Pythia",
  "model_size": "6.9B",
  "n_books": 500,
  "n_clusters": 31,
  "n_noise": 91,
  "cluster_sizes": {
    "0": 18,
    "1": 18,
    "2": 10,
    "3": 23,
    "4": 17,
    "5": 5,
    "6": 9,
    "7": 10,
    "8": 7,
    "9": 7,
    "10": 7,
    "11": 14,
    "12": 13,
    "13": 12,
    "14": 6,
    "15": 12,
    "16": 10,
    "17": 6,
    "18": 10,
    "19": 24,
    "20": 21,
    "21": 8,
    "22": 5,
    "23": 10,
    "24": 20,
    "25": 36,
    "26": 7,
    "27": 15,
    "28": 6,
    "29": 16,
    "30": 27
  },
  "cluster_stability": {
    "0": 0.108749,
    "1": 0.20203,
    "2": 0.557115,
    "3": 0.10608,
    "4": 0.152319,
    "5": 0.0,
    "6": 0.292559,
    "7": 0.169733,
    "8": 0.017534,
    "9": 0.390648,
    "10": 0.136684,
    "11": 0.070547,
    "12": 0.076799,
    "13": 0.12727,
    "14": 0.147991,
    "15": 0.109373,
    "16": 0.051946,
    "17": 0.056658,
    "18": 0.030469,
    "19": 0.114414,
    "20": 0.068681,
    "21": 0.025442,
    "22": 0.0,
    "23": 0.040128,
    "24": 0.17329,
    "25": 0.040139,
    "26": 0.098076,
    "27": 0.054523,
    "28": 0.013549,
    "29": 0.073946,
    "30": 0.054223
  }
}