{
  "family": "Qwen3-Embedding",
  "kernels": [
    "linear",
    "cosine",
    "rbf"
  ],
  "n_books": 500,
  "sizes": [
    "0.6B",
    "4B",
    "8B"
  ],
  "cka": {
    "linear": [
      [
        1.0,
        0.9462617130148799,
        0.9383067239193473
      ],
      [
        0.9462617130148799,
        1.0,
        0.9717969314864187
      ],
      [
        0.9383067239193473,
        0.9717969314864187,
        1.0
      ]
    ],
    "cosine": [
      [
        1.0,
        0.9462617131567902,
        0.9383067232467022
      ],
      [
        0.9462617131567902,
        1.0,
        0.9717969307604615
      ],
      [
        0.9383067232467022,
        0.9717969307604615,
        1.0
      ]
    ],
    "rbf": [
      [
        1.0,
        0.9500798074819522,
        0.9412861183411588
      ],
      [
        0.9500798074819522,
        1.0,
        0.9736921415866535
      ],
      [
        0.9412861183411588,
        0.9736921415866535,
        1.0
      ]
    ]
  }
}