{
  "model_family": "Qwen2.5",
  "model_size": "0.5B",
  "n_books": 500,
  "n_clusters": 30,
  "n_noise": 86,
  "cluster_sizes": {
    "0": 10,
    "1": 5,
    "2": 14,
    "3": 10,
    "4": 13,
    "5": 23,
    "6": 7,
    "7": 12,
    "8": 39,
    "9": 10,
    "10": 20,
    "11": 29,
    "12": 10,
    "13": 21,
    "14": 11,
    "15": 16,
    "16": 15,
    "17": 8,
    "18": 6,
    "19": 16,
    "20": 5,
    "21": 10,
    "22": 11,
    "23": 7,
    "24": 7,
    "25": 28,
    "26": 10,
    "27": 7,
    "28": 19,
    "29": 15
  },
  "cluster_stability": {
    "0": 0.274711,
    "1": 0.661483,
    "2": 0.225082,
    "3": 0.042795,
    "4": 0.126019,
    "5": 0.069781,
    "6": 0.184453,
    "7": 0.1981,
    "8": 0.057791,
    "9": 0.176985,
    "10": 0.109315,
    "11": 0.127196,
    "12": 0.617686,
    "13": 0.089309,
    "14": 0.054125,
    "15": 0.045216,
    "16": 0.137784,
    "17": 0.013492,
    "18": 0.012334,
    "19": 0.280006,
    "20": 0.032071,
    "21": 0.103729,
    "22": 0.093793,
    "23": 0.059178,
    "24": 0.183542,
    "25": 0.136185,
    "26": 0.108495,
    "27": 0.107643,
    "28": 0.004811,
    "29": 0.06548
  }
}