{
  "model_family": "Cerebras-GPT",
  "model_size": "6.7B",
  "n_books": 500,
  "n_clusters": 31,
  "n_noise": 106,
  "cluster_sizes": {
    "0": 8,
    "1": 11,
    "2": 7,
    "3": 8,
    "4": 12,
    "5": 17,
    "6": 26,
    "7": 10,
    "8": 7,
    "9": 21,
    "10": 10,
    "11": 22,
    "12": 31,
    "13": 11,
    "14": 20,
    "15": 6,
    "16": 18,
    "17": 5,
    "18": 17,
    "19": 10,
    "20": 18,
    "21": 7,
    "22": 22,
    "23": 18,
    "24": 5,
    "25": 7,
    "26": 7,
    "27": 6,
    "28": 10,
    "29": 6,
    "30": 11
  },
  "cluster_stability": {
    "0": 0.660065,
    "1": 0.303159,
    "2": 0.109384,
    "3": 0.436976,
    "4": 0.364955,
    "5": 0.150083,
    "6": 0.155995,
    "7": 0.02933,
    "8": 0.012517,
    "9": 0.164437,
    "10": 0.13082,
    "11": 0.073932,
    "12": 0.077615,
    "13": 0.30627,
    "14": 0.302444,
    "15": 0.015709,
    "16": 0.079667,
    "17": 0.108941,
    "18": 0.113402,
    "19": 0.160953,
    "20": 0.135669,
    "21": 0.003389,
    "22": 0.137738,
    "23": 0.027324,
    "24": 0.016029,
    "25": 0.042061,
    "26": 0.112139,
    "27": 0.00455,
    "28": 0.051435,
    "29": 0.079936,
    "30": 0.009871
  }
}