{
  "model_family": "Qwen3-Embedding",
  "model_size": "0.6B",
  "n_books": 500,
  "n_clusters": 22,
  "n_noise": 94,
  "cluster_sizes": {
    "0": 34,
    "1": 70,
    "2": 23,
    "3": 17,
    "4": 14,
    "5": 7,
    "6": 7,
    "7": 78,
    "8": 7,
    "9": 7,
    "10": 7,
    "11": 12,
    "12": 20,
    "13": 11,
    "14": 9,
    "15": 20,
    "16": 11,
    "17": 11,
    "18": 12,
    "19": 8,
    "20": 8,
    "21": 13
  },
  "cluster_stability": {
    "0": 0.250935,
    "1": 0.228877,
    "2": 0.659402,
    "3": 0.572751,
    "4": 0.501924,
    "5": 0.134794,
    "6": 0.071677,
    "7": 0.061706,
    "8": 0.095634,
    "9": 0.277994,
    "10": 0.448118,
    "11": 0.057052,
    "12": 0.197675,
    "13": 0.043251,
    "14": 0.012297,
    "15": 0.233901,
    "16": 0.094527,
    "17": 0.024665,
    "18": 0.06736,
    "19": 0.006146,
    "20": 0.047463,
    "21": 0.15935
  }
}