{
  "family": "Pythia",
  "num_instances": 350,
  "num_candidates": 49,
  "seed": 42,
  "results": {
    "genre": {
      "70M": 0.19142857142857142,
      "160M": 0.18,
      "410M": 0.18857142857142858,
      "1B": 0.18857142857142858,
      "1.4B": 0.18571428571428572,
      "2.8B": 0.19714285714285715,
      "6.9B": 0.20285714285714285,
      "12B": 0.2057142857142857
    },
    "bookshelf": {
      "70M": 0.14,
      "160M": 0.15428571428571428,
      "410M": 0.14285714285714285,
      "1B": 0.1457142857142857,
      "1.4B": 0.14285714285714285,
      "2.8B": 0.15428571428571428,
      "6.9B": 0.16,
      "12B": 0.1657142857142857
    },
    "subject": {
      "70M": 0.24,
      "160M": 0.24,
      "410M": 0.24857142857142858,
      "1B": 0.24857142857142858,
      "1.4B": 0.2571428571428571,
      "2.8B": 0.26,
      "6.9B": 0.26857142857142857,
      "12B": 0.25142857142857145
    }
  }
}