{
  "model_family": "Pythia",
  "model_size": "2.8B",
  "n_books": 500,
  "n_clusters": 28,
  "n_noise": 64,
  "cluster_sizes": {
    "0": 25,
    "1": 6,
    "2": 8,
    "3": 19,
    "4": 11,
    "5": 10,
    "6": 18,
    "7": 27,
    "8": 14,
    "9": 22,
    "10": 12,
    "11": 26,
    "12": 14,
    "13": 12,
    "14": 23,
    "15": 6,
    "16": 26,
    "17": 7,
    "18": 11,
    "19": 10,
    "20": 6,
    "21": 11,
    "22": 46,
    "23": 22,
    "24": 13,
    "25": 14,
    "26": 6,
    "27": 11
  },
  "cluster_stability": {
    "0": 0.205035,
    "1": 0.485945,
    "2": 0.675491,
    "3": 0.364668,
    "4": 0.400293,
    "5": 0.321028,
    "6": 0.084519,
    "7": 0.060803,
    "8": 0.22683,
    "9": 0.241659,
    "10": 0.080295,
    "11": 0.038859,
    "12": 0.189564,
    "13": 0.042135,
    "14": 0.072877,
    "15": 0.037983,
    "16": 0.182322,
    "17": 0.399661,
    "18": 0.300434,
    "19": 0.063917,
    "20": 0.109342,
    "21": 0.357053,
    "22": 0.070391,
    "23": 0.13929,
    "24": 0.138376,
    "25": 0.231944,
    "26": 0.090146,
    "27": 0.320096
  }
}