{
  "family": "Pythia",
  "embedding_level": "chunk",
  "num_instances": 350,
  "num_candidates": 49,
  "seed": 42,
  "sample_n": 5000,
  "sample_seed": 42,
  "results": {
    "genre": {
      "70M": 0.05142857142857143,
      "160M": 0.045714285714285714,
      "410M": 0.06571428571428571,
      "1B": 0.06,
      "1.4B": 0.06285714285714286,
      "2.8B": 0.07142857142857142,
      "6.9B": 0.07714285714285714,
      "12B": 0.07428571428571429
    },
    "bookshelf": {
      "70M": 0.0430622009569378,
      "160M": 0.0430622009569378,
      "410M": 0.05263157894736842,
      "1B": 0.03349282296650718,
      "1.4B": 0.05263157894736842,
      "2.8B": 0.03827751196172249,
      "6.9B": 0.05263157894736842,
      "12B": 0.0430622009569378
    },
    "subject": {
      "70M": 0.08074534161490683,
      "160M": 0.062111801242236024,
      "410M": 0.07453416149068323,
      "1B": 0.062111801242236024,
      "1.4B": 0.07453416149068323,
      "2.8B": 0.07453416149068323,
      "6.9B": 0.055900621118012424,
      "12B": 0.043478260869565216
    }
  }
}