{
  "family": "Cerebras-GPT",
  "embedding_level": "chunk",
  "num_instances": 350,
  "num_candidates": 49,
  "seed": 42,
  "sample_n": 5000,
  "sample_seed": 42,
  "results": {
    "genre": {
      "111M": 0.06,
      "256M": 0.06857142857142857,
      "590M": 0.05714285714285714,
      "1.3B": 0.08571428571428572,
      "2.7B": 0.09714285714285714,
      "6.7B": 0.08571428571428572,
      "13B": 0.08
    },
    "bookshelf": {
      "111M": 0.0390625,
      "256M": 0.03125,
      "590M": 0.04296875,
      "1.3B": 0.0390625,
      "2.7B": 0.0390625,
      "6.7B": 0.0390625,
      "13B": 0.03125
    },
    "subject": {
      "111M": 0.06770833333333333,
      "256M": 0.052083333333333336,
      "590M": 0.046875,
      "1.3B": 0.046875,
      "2.7B": 0.078125,
      "6.7B": 0.08333333333333333,
      "13B": 0.07291666666666667
    }
  }
}