{
  "family": "OpenAI",
  "k": 20,
  "n_books": 500,
  "sizes": [
    "text-embedding-3-large",
    "text-embedding-3-small"
  ],
  "pairs": [
    {
      "size_a": "text-embedding-3-large",
      "size_b": "text-embedding-3-small",
      "label": "text-embedding-3-large \u2192 text-embedding-3-small",
      "is_adjacent": true,
      "spearman": {
        "mean": 0.9357821084095901,
        "std": 0.02920342634213773,
        "median": 0.9450157181833545
      },
      "jaccard": {
        "mean": 0.5988279778470182,
        "std": 0.12658511996720792,
        "median": 0.6
      }
    }
  ],
  "all_pairs": [
    {
      "size_a": "text-embedding-3-large",
      "size_b": "text-embedding-3-small",
      "label": "text-embedding-3-large \u2192 text-embedding-3-small",
      "is_adjacent": true,
      "spearman": {
        "mean": 0.9357821084095901,
        "std": 0.02920342634213773,
        "median": 0.9450157181833545
      },
      "jaccard": {
        "mean": 0.5988279778470182,
        "std": 0.12658511996720792,
        "median": 0.6
      }
    }
  ]
}