{
  "model_family": "Pythia",
  "model_size": "70M",
  "n_books": 500,
  "n_clusters": 34,
  "n_noise": 111,
  "cluster_sizes": {
    "0": 13,
    "1": 16,
    "2": 5,
    "3": 10,
    "4": 10,
    "5": 6,
    "6": 19,
    "7": 6,
    "8": 26,
    "9": 20,
    "10": 5,
    "11": 13,
    "12": 8,
    "13": 5,
    "14": 14,
    "15": 5,
    "16": 13,
    "17": 15,
    "18": 5,
    "19": 25,
    "20": 18,
    "21": 6,
    "22": 29,
    "23": 16,
    "24": 6,
    "25": 9,
    "26": 5,
    "27": 19,
    "28": 10,
    "29": 7,
    "30": 9,
    "31": 5,
    "32": 5,
    "33": 6
  },
  "cluster_stability": {
    "0": 0.473988,
    "1": 0.094445,
    "2": 0.914173,
    "3": 0.120405,
    "4": 0.273412,
    "5": 0.008767,
    "6": 0.252313,
    "7": 0.034383,
    "8": 0.091648,
    "9": 0.11855,
    "10": 0.024821,
    "11": 0.029478,
    "12": 0.303031,
    "13": 0.003798,
    "14": 0.059531,
    "15": 0.00817,
    "16": 0.076904,
    "17": 0.039836,
    "18": 0.0,
    "19": 0.042281,
    "20": 0.154215,
    "21": 0.027972,
    "22": 0.095328,
    "23": 0.083536,
    "24": 0.000165,
    "25": 0.089456,
    "26": 0.0,
    "27": 0.023129,
    "28": 0.114739,
    "29": 0.023202,
    "30": 0.015795,
    "31": 0.015582,
    "32": 0.021984,
    "33": 0.121583
  }
}