{
  "model_family": "Cerebras-GPT",
  "model_size": "13B",
  "n_books": 500,
  "n_clusters": 28,
  "n_noise": 98,
  "cluster_sizes": {
    "0": 7,
    "1": 20,
    "2": 8,
    "3": 10,
    "4": 10,
    "5": 26,
    "6": 7,
    "7": 17,
    "8": 9,
    "9": 9,
    "10": 8,
    "11": 11,
    "12": 19,
    "13": 5,
    "14": 5,
    "15": 16,
    "16": 5,
    "17": 23,
    "18": 27,
    "19": 6,
    "20": 25,
    "21": 69,
    "22": 7,
    "23": 9,
    "24": 6,
    "25": 11,
    "26": 14,
    "27": 13
  },
  "cluster_stability": {
    "0": 0.781456,
    "1": 0.23089,
    "2": 0.239717,
    "3": 0.33501,
    "4": 0.390451,
    "5": 0.117251,
    "6": 0.064995,
    "7": 0.113249,
    "8": 0.189333,
    "9": 0.055933,
    "10": 0.28952,
    "11": 0.134797,
    "12": 0.072009,
    "13": 0.015224,
    "14": 0.424857,
    "15": 0.040453,
    "16": 0.0,
    "17": 0.144873,
    "18": 0.185582,
    "19": 0.008901,
    "20": 0.09424,
    "21": 0.033188,
    "22": 0.014206,
    "23": 0.100394,
    "24": 0.119193,
    "25": 0.017819,
    "26": 0.095607,
    "27": 0.0339
  }
}