{
  "family": "Cerebras-GPT",
  "kernels": [
    "linear",
    "cosine",
    "rbf"
  ],
  "n_books": 500,
  "sizes": [
    "111M",
    "256M",
    "590M",
    "1.3B",
    "2.7B",
    "6.7B",
    "13B"
  ],
  "cka": {
    "linear": [
      [
        1.0,
        0.9782952899394757,
        0.9686378391343692,
        0.9369291806985486,
        0.9351780582222722,
        0.8967807545412835,
        0.926078833651928
      ],
      [
        0.9782952899394757,
        1.0,
        0.9872811963270353,
        0.9659919995542742,
        0.9590884332968964,
        0.9268932247686649,
        0.94784043298607
      ],
      [
        0.9686378391343692,
        0.9872811963270353,
        1.0,
        0.9784089092309479,
        0.972844611500158,
        0.9462015537433405,
        0.9600234615421853
      ],
      [
        0.9369291806985486,
        0.9659919995542742,
        0.9784089092309479,
        1.0,
        0.984733304619827,
        0.9728830125906948,
        0.9701807206976708
      ],
      [
        0.9351780582222722,
        0.9590884332968964,
        0.972844611500158,
        0.984733304619827,
        1.0,
        0.9815032768361892,
        0.9838962129030812
      ],
      [
        0.8967807545412835,
        0.9268932247686649,
        0.9462015537433405,
        0.9728830125906948,
        0.9815032768361892,
        1.0,
        0.9770869759828548
      ],
      [
        0.926078833651928,
        0.94784043298607,
        0.9600234615421853,
        0.9701807206976708,
        0.9838962129030812,
        0.9770869759828548,
        1.0
      ]
    ],
    "cosine": [
      [
        1.0,
        0.9782952899832557,
        0.9686378390099863,
        0.9369291805393629,
        0.9351780579589263,
        0.8967807535120943,
        0.926078833665845
      ],
      [
        0.9782952899832557,
        1.0,
        0.9872811959935576,
        0.9659919996117124,
        0.9590884335804676,
        0.9268932244301871,
        0.947840433275832
      ],
      [
        0.9686378390099863,
        0.9872811959935576,
        1.0,
        0.978408909593285,
        0.9728446124643969,
        0.9462015543115151,
        0.9600234624934448
      ],
      [
        0.9369291805393629,
        0.9659919996117124,
        0.978408909593285,
        1.0,
        0.9847333048326861,
        0.972883012363035,
        0.9701807206882217
      ],
      [
        0.9351780579589263,
        0.9590884335804676,
        0.9728446124643969,
        0.9847333048326861,
        1.0,
        0.981503277050369,
        0.9838962129594423
      ],
      [
        0.8967807535120943,
        0.9268932244301871,
        0.9462015543115151,
        0.972883012363035,
        0.981503277050369,
        1.0,
        0.9770869760958496
      ],
      [
        0.926078833665845,
        0.947840433275832,
        0.9600234624934448,
        0.9701807206882217,
        0.9838962129594423,
        0.9770869760958496,
        1.0
      ]
    ],
    "rbf": [
      [
        1.0,
        0.9817500487229658,
        0.972021685270158,
        0.9427634166391972,
        0.9379217404973591,
        0.9021504693320586,
        0.9275723360310794
      ],
      [
        0.9817500487229658,
        1.0,
        0.9887576992938466,
        0.9682920008130073,
        0.9603936213328572,
        0.9293157693693925,
        0.9497250270101015
      ],
      [
        0.972021685270158,
        0.9887576992938466,
        1.0,
        0.9811050012684563,
        0.9742060542711634,
        0.9487947446328098,
        0.9622029342934459
      ],
      [
        0.9427634166391972,
        0.9682920008130073,
        0.9811050012684563,
        1.0,
        0.9872712099871415,
        0.9748992648934487,
        0.9751688704071059
      ],
      [
        0.9379217404973591,
        0.9603936213328572,
        0.9742060542711634,
        0.9872712099871415,
        1.0,
        0.9838455237423566,
        0.9862328470179013
      ],
      [
        0.9021504693320586,
        0.9293157693693925,
        0.9487947446328098,
        0.9748992648934487,
        0.9838455237423566,
        1.0,
        0.9828206523219519
      ],
      [
        0.9275723360310794,
        0.9497250270101015,
        0.9622029342934459,
        0.9751688704071059,
        0.9862328470179013,
        0.9828206523219519,
        1.0
      ]
    ]
  }
}