{
  "family": "Qwen2.5",
  "embedding_level": "chunk",
  "num_instances": 350,
  "num_candidates": 49,
  "seed": 42,
  "sample_n": 5000,
  "sample_seed": 42,
  "results": {
    "genre": {
      "0.5B": 0.07714285714285714,
      "1.5B": 0.06,
      "3B": 0.06857142857142857,
      "7B": 0.06571428571428571
    },
    "bookshelf": {
      "0.5B": 0.03125,
      "1.5B": 0.0390625,
      "3B": 0.04296875,
      "7B": 0.02734375
    },
    "subject": {
      "0.5B": 0.078125,
      "1.5B": 0.0625,
      "3B": 0.09375,
      "7B": 0.052083333333333336
    }
  }
}