{
  "family": "Qwen2.5",
  "kernels": [
    "linear",
    "cosine",
    "rbf"
  ],
  "n_books": 500,
  "sizes": [
    "0.5B",
    "1.5B",
    "3B",
    "7B"
  ],
  "cka": {
    "linear": [
      [
        1.0,
        0.9483487706178907,
        0.9472428360141711,
        0.9430199053269065
      ],
      [
        0.9483487706178907,
        1.0,
        0.9741035997678841,
        0.9289722076034939
      ],
      [
        0.9472428360141711,
        0.9741035997678841,
        1.0,
        0.9394533726138392
      ],
      [
        0.9430199053269065,
        0.9289722076034939,
        0.9394533726138392,
        1.0
      ]
    ],
    "cosine": [
      [
        1.0,
        0.9483487712910116,
        0.9472428365161869,
        0.9430199060736331
      ],
      [
        0.9483487712910116,
        1.0,
        0.9741036028840457,
        0.9289722088951654
      ],
      [
        0.9472428365161869,
        0.9741036028840457,
        1.0,
        0.9394533740855545
      ],
      [
        0.9430199060736331,
        0.9289722088951654,
        0.9394533740855545,
        1.0
      ]
    ],
    "rbf": [
      [
        1.0,
        0.9612153964903349,
        0.9575011508019661,
        0.952443333456201
      ],
      [
        0.9612153964903349,
        1.0,
        0.983055976036823,
        0.9503969624622826
      ],
      [
        0.9575011508019661,
        0.983055976036823,
        1.0,
        0.9581750091855297
      ],
      [
        0.952443333456201,
        0.9503969624622826,
        0.9581750091855297,
        1.0
      ]
    ]
  }
}