{
  "model_family": "Cerebras-GPT",
  "model_size": "256M",
  "n_books": 500,
  "n_clusters": 32,
  "n_noise": 108,
  "cluster_sizes": {
    "0": 13,
    "1": 9,
    "2": 20,
    "3": 20,
    "4": 18,
    "5": 12,
    "6": 11,
    "7": 7,
    "8": 28,
    "9": 5,
    "10": 5,
    "11": 6,
    "12": 16,
    "13": 18,
    "14": 5,
    "15": 6,
    "16": 13,
    "17": 6,
    "18": 32,
    "19": 10,
    "20": 8,
    "21": 26,
    "22": 6,
    "23": 7,
    "24": 14,
    "25": 13,
    "26": 10,
    "27": 9,
    "28": 18,
    "29": 11,
    "30": 5,
    "31": 5
  },
  "cluster_stability": {
    "0": 0.590747,
    "1": 0.048357,
    "2": 0.184132,
    "3": 0.367933,
    "4": 0.192282,
    "5": 0.057355,
    "6": 0.15688,
    "7": 0.043861,
    "8": 0.068561,
    "9": 0.011791,
    "10": 0.001977,
    "11": 0.0105,
    "12": 0.032673,
    "13": 0.086436,
    "14": 0.001417,
    "15": 0.005848,
    "16": 0.233286,
    "17": 0.05481,
    "18": 0.01691,
    "19": 0.401898,
    "20": 0.006621,
    "21": 0.118121,
    "22": 0.30389,
    "23": 0.004112,
    "24": 0.17173,
    "25": 0.243046,
    "26": 0.055507,
    "27": 0.061744,
    "28": 0.07656,
    "29": 0.110391,
    "30": 0.0,
    "31": 0.412731
  }
}