{
  "family": "OpenAI",
  "kernels": [
    "linear",
    "cosine",
    "rbf"
  ],
  "n_books": 500,
  "sizes": [
    "text-embedding-3-large",
    "text-embedding-3-small"
  ],
  "cka": {
    "linear": [
      [
        1.0,
        0.9525864387588243
      ],
      [
        0.9525864387588243,
        1.0
      ]
    ],
    "cosine": [
      [
        1.0,
        0.9525864392000037
      ],
      [
        0.9525864392000037,
        1.0
      ]
    ],
    "rbf": [
      [
        1.0,
        0.9564448678558486
      ],
      [
        0.9564448678558486,
        1.0
      ]
    ]
  }
}