{
  "family": "Qwen2.5",
  "num_instances": 350,
  "num_candidates": 49,
  "seed": 42,
  "results": {
    "genre": {
      "0.5B": 0.15714285714285714,
      "1.5B": 0.18857142857142858,
      "3B": 0.18571428571428572,
      "7B": 0.16857142857142857
    },
    "bookshelf": {
      "0.5B": 0.11428571428571428,
      "1.5B": 0.12857142857142856,
      "3B": 0.13142857142857142,
      "7B": 0.11142857142857143
    },
    "subject": {
      "0.5B": 0.22,
      "1.5B": 0.24,
      "3B": 0.20857142857142857,
      "7B": 0.22857142857142856
    }
  }
}