{
  "family": "Qwen3-Embedding",
  "k": 20,
  "n_books": 500,
  "sizes": [
    "0.6B",
    "4B",
    "8B"
  ],
  "pairs": [
    {
      "size_a": "0.6B",
      "size_b": "4B",
      "label": "0.6B \u2192 4B",
      "is_adjacent": true,
      "spearman": {
        "mean": 0.8147521054639398,
        "std": 0.07131674930763887,
        "median": 0.8268673250114686
      },
      "jaccard": {
        "mean": 0.5315267635622847,
        "std": 0.16471962894779696,
        "median": 0.5384615384615384
      }
    },
    {
      "size_a": "4B",
      "size_b": "8B",
      "label": "4B \u2192 8B",
      "is_adjacent": true,
      "spearman": {
        "mean": 0.9141213872564404,
        "std": 0.03324911991019188,
        "median": 0.919975613878359
      },
      "jaccard": {
        "mean": 0.667007504037872,
        "std": 0.1414078586999714,
        "median": 0.6666666666666666
      }
    }
  ],
  "all_pairs": [
    {
      "size_a": "0.6B",
      "size_b": "4B",
      "label": "0.6B \u2192 4B",
      "is_adjacent": true,
      "spearman": {
        "mean": 0.8147521054639398,
        "std": 0.07131674930763887,
        "median": 0.8268673250114686
      },
      "jaccard": {
        "mean": 0.5315267635622847,
        "std": 0.16471962894779696,
        "median": 0.5384615384615384
      }
    },
    {
      "size_a": "0.6B",
      "size_b": "8B",
      "label": "0.6B \u2192 8B",
      "is_adjacent": false,
      "spearman": {
        "mean": 0.7996737861264697,
        "std": 0.08545698171019812,
        "median": 0.8153661539947363
      },
      "jaccard": {
        "mean": 0.506861305900855,
        "std": 0.18053954468304775,
        "median": 0.48148148148148145
      }
    },
    {
      "size_a": "4B",
      "size_b": "8B",
      "label": "4B \u2192 8B",
      "is_adjacent": true,
      "spearman": {
        "mean": 0.9141213872564404,
        "std": 0.03324911991019188,
        "median": 0.919975613878359
      },
      "jaccard": {
        "mean": 0.667007504037872,
        "std": 0.1414078586999714,
        "median": 0.6666666666666666
      }
    }
  ]
}