{
  "model_family": "Qwen3-Embedding",
  "model_size": "4B",
  "n_books": 500,
  "n_clusters": 30,
  "n_noise": 131,
  "cluster_sizes": {
    "0": 23,
    "1": 13,
    "2": 5,
    "3": 27,
    "4": 7,
    "5": 21,
    "6": 6,
    "7": 5,
    "8": 9,
    "9": 19,
    "10": 34,
    "11": 9,
    "12": 14,
    "13": 21,
    "14": 14,
    "15": 13,
    "16": 6,
    "17": 7,
    "18": 5,
    "19": 5,
    "20": 8,
    "21": 26,
    "22": 8,
    "23": 13,
    "24": 5,
    "25": 10,
    "26": 6,
    "27": 13,
    "28": 12,
    "29": 5
  },
  "cluster_stability": {
    "0": 0.383034,
    "1": 0.619551,
    "2": 0.114033,
    "3": 0.252359,
    "4": 0.490058,
    "5": 0.248797,
    "6": 0.129756,
    "7": 0.057447,
    "8": 0.02373,
    "9": 0.148953,
    "10": 0.130163,
    "11": 0.231553,
    "12": 0.041895,
    "13": 0.16417,
    "14": 0.056135,
    "15": 0.354024,
    "16": 0.012966,
    "17": 0.032815,
    "18": 0.0,
    "19": 0.000846,
    "20": 0.12363,
    "21": 0.059865,
    "22": 0.009362,
    "23": 0.065115,
    "24": 0.01367,
    "25": 0.103576,
    "26": 0.192145,
    "27": 0.020799,
    "28": 0.152791,
    "29": 0.005094
  }
}