{
  "model_family": "Pythia",
  "model_size": "1.4B",
  "n_books": 500,
  "n_clusters": 27,
  "n_noise": 80,
  "cluster_sizes": {
    "0": 24,
    "1": 13,
    "2": 11,
    "3": 12,
    "4": 7,
    "5": 6,
    "6": 36,
    "7": 12,
    "8": 19,
    "9": 8,
    "10": 20,
    "11": 31,
    "12": 27,
    "13": 17,
    "14": 7,
    "15": 5,
    "16": 7,
    "17": 5,
    "18": 5,
    "19": 8,
    "20": 7,
    "21": 10,
    "22": 22,
    "23": 60,
    "24": 22,
    "25": 6,
    "26": 13
  },
  "cluster_stability": {
    "0": 0.169357,
    "1": 0.395449,
    "2": 0.285412,
    "3": 0.310094,
    "4": 0.024495,
    "5": 0.083545,
    "6": 0.100915,
    "7": 0.242667,
    "8": 0.301897,
    "9": 0.697435,
    "10": 0.200652,
    "11": 0.145913,
    "12": 0.119477,
    "13": 0.171549,
    "14": 0.072158,
    "15": 0.029092,
    "16": 0.098679,
    "17": 0.044688,
    "18": 0.033422,
    "19": 0.038629,
    "20": 0.41951,
    "21": 0.123867,
    "22": 0.192494,
    "23": 0.029819,
    "24": 0.238278,
    "25": 0.037808,
    "26": 0.077235
  }
}