{
  "family": "Cerebras-GPT",
  "num_instances": 350,
  "num_candidates": 49,
  "seed": 42,
  "results": {
    "genre": {
      "111M": 0.18285714285714286,
      "256M": 0.19142857142857142,
      "590M": 0.20857142857142857,
      "1.3B": 0.2,
      "2.7B": 0.21714285714285714,
      "6.7B": 0.22,
      "13B": 0.21428571428571427
    },
    "bookshelf": {
      "111M": 0.13714285714285715,
      "256M": 0.14285714285714285,
      "590M": 0.1457142857142857,
      "1.3B": 0.15428571428571428,
      "2.7B": 0.17714285714285713,
      "6.7B": 0.1742857142857143,
      "13B": 0.14857142857142858
    },
    "subject": {
      "111M": 0.24571428571428572,
      "256M": 0.26,
      "590M": 0.24,
      "1.3B": 0.26571428571428574,
      "2.7B": 0.2714285714285714,
      "6.7B": 0.29428571428571426,
      "13B": 0.2742857142857143
    }
  }
}