{
  "family": "Qwen3-Embedding",
  "n_sizes": 3,
  "sizes": [
    "0.6B",
    "4B",
    "8B"
  ],
  "per_size": [
    {
      "size": "0.6B",
      "n_clusters": 22,
      "n_noise": 94,
      "mean": 0.19306813636363634,
      "std": 0.18650561249105407,
      "median": 0.115214,
      "min": 0.006146,
      "max": 0.659402
    },
    {
      "size": "4B",
      "n_clusters": 30,
      "n_noise": 131,
      "mean": 0.14127773333333332,
      "std": 0.15024854762402493,
      "median": 0.1088045,
      "min": 0.0,
      "max": 0.619551
    },
    {
      "size": "8B",
      "n_clusters": 27,
      "n_noise": 92,
      "mean": 0.1786498148148148,
      "std": 0.16444100880863857,
      "median": 0.135833,
      "min": 0.0,
      "max": 0.521559
    }
  ]
}