{
  "model_family": "Qwen2.5",
  "model_size": "3B",
  "n_books": 500,
  "n_clusters": 35,
  "n_noise": 117,
  "cluster_sizes": {
    "0": 5,
    "1": 7,
    "2": 6,
    "3": 11,
    "4": 9,
    "5": 17,
    "6": 17,
    "7": 12,
    "8": 6,
    "9": 19,
    "10": 10,
    "11": 12,
    "12": 8,
    "13": 24,
    "14": 10,
    "15": 5,
    "16": 14,
    "17": 12,
    "18": 9,
    "19": 7,
    "20": 16,
    "21": 11,
    "22": 11,
    "23": 7,
    "24": 9,
    "25": 18,
    "26": 5,
    "27": 11,
    "28": 5,
    "29": 10,
    "30": 25,
    "31": 13,
    "32": 12,
    "33": 5,
    "34": 5
  },
  "cluster_stability": {
    "0": 0.0,
    "1": 0.612441,
    "2": 0.012055,
    "3": 0.36282,
    "4": 0.274597,
    "5": 0.096386,
    "6": 0.195487,
    "7": 0.15996,
    "8": 0.102262,
    "9": 0.164293,
    "10": 0.259488,
    "11": 0.092765,
    "12": 0.032204,
    "13": 0.080819,
    "14": 0.011206,
    "15": 0.021005,
    "16": 0.080601,
    "17": 0.037927,
    "18": 0.129846,
    "19": 0.07605,
    "20": 0.080836,
    "21": 0.238294,
    "22": 0.106916,
    "23": 0.059494,
    "24": 0.095335,
    "25": 0.14202,
    "26": 0.0,
    "27": 0.04999,
    "28": 0.01268,
    "29": 0.046137,
    "30": 0.04804,
    "31": 0.014523,
    "32": 0.007216,
    "33": 0.0,
    "34": 0.030908
  }
}