{
  "model_family": "Pythia",
  "model_size": "160M",
  "n_books": 500,
  "n_clusters": 33,
  "n_noise": 117,
  "cluster_sizes": {
    "0": 5,
    "1": 10,
    "2": 20,
    "3": 12,
    "4": 15,
    "5": 18,
    "6": 8,
    "7": 21,
    "8": 6,
    "9": 14,
    "10": 10,
    "11": 5,
    "12": 9,
    "13": 13,
    "14": 9,
    "15": 18,
    "16": 6,
    "17": 5,
    "18": 9,
    "19": 9,
    "20": 5,
    "21": 14,
    "22": 26,
    "23": 9,
    "24": 5,
    "25": 12,
    "26": 15,
    "27": 19,
    "28": 27,
    "29": 5,
    "30": 6,
    "31": 13,
    "32": 5
  },
  "cluster_stability": {
    "0": 0.797151,
    "1": 0.222854,
    "2": 0.145013,
    "3": 0.256837,
    "4": 0.188076,
    "5": 0.187115,
    "6": 0.047003,
    "7": 0.140947,
    "8": 0.076172,
    "9": 0.268911,
    "10": 0.166601,
    "11": 0.040176,
    "12": 0.116295,
    "13": 0.018572,
    "14": 0.058141,
    "15": 0.317954,
    "16": 0.039378,
    "17": 0.0,
    "18": 0.101536,
    "19": 0.296261,
    "20": 0.001755,
    "21": 0.188944,
    "22": 0.138432,
    "23": 0.114855,
    "24": 0.0,
    "25": 0.122001,
    "26": 0.093237,
    "27": 0.064708,
    "28": 0.149219,
    "29": 0.014006,
    "30": 0.020478,
    "31": 0.169231,
    "32": 0.0
  }
}