{
  "model_family": "OpenAI",
  "model_size": "text-embedding-3-small",
  "n_books": 500,
  "n_clusters": 35,
  "n_noise": 121,
  "cluster_sizes": {
    "0": 12,
    "1": 15,
    "2": 7,
    "3": 6,
    "4": 10,
    "5": 6,
    "6": 14,
    "7": 5,
    "8": 5,
    "9": 7,
    "10": 5,
    "11": 23,
    "12": 17,
    "13": 7,
    "14": 18,
    "15": 13,
    "16": 17,
    "17": 7,
    "18": 20,
    "19": 21,
    "20": 7,
    "21": 13,
    "22": 5,
    "23": 5,
    "24": 27,
    "25": 5,
    "26": 9,
    "27": 19,
    "28": 6,
    "29": 7,
    "30": 7,
    "31": 13,
    "32": 8,
    "33": 8,
    "34": 5
  },
  "cluster_stability": {
    "0": 0.74929,
    "1": 0.195132,
    "2": 0.082593,
    "3": 0.043057,
    "4": 0.155867,
    "5": 0.587109,
    "6": 0.418226,
    "7": 0.02716,
    "8": 0.0,
    "9": 0.112356,
    "10": 0.0,
    "11": 0.277405,
    "12": 0.161873,
    "13": 0.116851,
    "14": 0.060623,
    "15": 0.177333,
    "16": 0.04202,
    "17": 0.009683,
    "18": 0.17896,
    "19": 0.210231,
    "20": 0.069773,
    "21": 0.175655,
    "22": 0.026987,
    "23": 0.0,
    "24": 0.108898,
    "25": 0.008168,
    "26": 0.089512,
    "27": 0.023932,
    "28": 0.023875,
    "29": 0.267578,
    "30": 0.010132,
    "31": 0.151845,
    "32": 0.071552,
    "33": 0.098959,
    "34": 0.165882
  }
}