{
  "model_family": "Cerebras-GPT",
  "model_size": "111M",
  "n_books": 500,
  "n_clusters": 30,
  "n_noise": 95,
  "cluster_sizes": {
    "0": 10,
    "1": 19,
    "2": 10,
    "3": 20,
    "4": 12,
    "5": 35,
    "6": 11,
    "7": 20,
    "8": 7,
    "9": 13,
    "10": 5,
    "11": 5,
    "12": 6,
    "13": 9,
    "14": 13,
    "15": 9,
    "16": 11,
    "17": 17,
    "18": 22,
    "19": 34,
    "20": 5,
    "21": 25,
    "22": 16,
    "23": 14,
    "24": 7,
    "25": 17,
    "26": 7,
    "27": 13,
    "28": 7,
    "29": 6
  },
  "cluster_stability": {
    "0": 0.025881,
    "1": 0.156017,
    "2": 0.369513,
    "3": 0.029408,
    "4": 0.128568,
    "5": 0.095579,
    "6": 0.1358,
    "7": 0.123912,
    "8": 0.294921,
    "9": 0.241896,
    "10": 0.044722,
    "11": 0.050763,
    "12": 0.017013,
    "13": 0.03399,
    "14": 0.163583,
    "15": 0.192014,
    "16": 0.048483,
    "17": 0.047196,
    "18": 0.074895,
    "19": 0.05847,
    "20": 0.001214,
    "21": 0.045053,
    "22": 0.068128,
    "23": 0.060967,
    "24": 0.746015,
    "25": 0.054608,
    "26": 0.020181,
    "27": 0.056852,
    "28": 0.005621,
    "29": 0.001078
  }
}