{
  "Cerebras-GPT": {
    "111M": 0.84134,
    "256M": 0.841666,
    "590M": 0.795626,
    "1.3B": 0.815077,
    "2.7B": 0.797296,
    "6.7B": 0.793072,
    "13B": 0.849957
  },
  "OpenAI": {
    "text-embedding-3-large": 0.639649,
    "text-embedding-3-small": 0.644032
  },
  "Pythia": {
    "70M": 0.999355,
    "160M": 0.998062,
    "410M": 0.928514,
    "1B": 0.904929,
    "1.4B": 0.907058,
    "2.8B": 0.860867,
    "6.9B": 0.834732,
    "12B": 0.857892
  },
  "Qwen2.5": {
    "0.5B": 0.947937,
    "1.5B": 0.971572,
    "3B": 0.957682,
    "7B": 0.934274
  },
  "Qwen3-Embedding": {
    "0.6B": 0.543228,
    "4B": 0.615643,
    "8B": 0.640523
  }
}