{
  "Cerebras-GPT": {
    "111M": [
      0.04334118,
      0.01711398,
      0.01211945,
      0.01015236,
      0.00945689,
      0.00542931,
      0.00425872,
      0.00405521,
      0.00339152,
      0.00255601,
      0.00244041,
      0.00211999,
      0.00185174,
      0.0017376,
      0.00161185,
      0.00144336,
      0.00137724,
      0.00126379,
      0.00116351,
      0.00110436
    ],
    "256M": [
      0.03507197,
      0.01560972,
      0.0112065,
      0.00930808,
      0.00831478,
      0.00544734,
      0.00403265,
      0.00382009,
      0.00321263,
      0.00264524,
      0.00234129,
      0.00218611,
      0.00202259,
      0.0019609,
      0.00179204,
      0.00164628,
      0.00153363,
      0.00145672,
      0.00138846,
      0.00130576
    ],
    "590M": [
      0.04394167,
      0.01995318,
      0.01450664,
      0.01249782,
      0.01037988,
      0.00724806,
      0.00580109,
      0.00482887,
      0.00420601,
      0.00342637,
      0.00303431,
      0.00288119,
      0.00277303,
      0.00241824,
      0.00232388,
      0.00208372,
      0.0020327,
      0.0017982,
      0.00173968,
      0.00159541
    ],
    "1.3B": [
      0.03330307,
      0.01796919,
      0.01210827,
      0.01125973,
      0.00790444,
      0.00686513,
      0.00550374,
      0.00419125,
      0.00359428,
      0.00326562,
      0.00314163,
      0.00264139,
      0.00254646,
      0.00237525,
      0.00223403,
      0.00213525,
      0.00195578,
      0.00181498,
      0.00156958,
      0.00147973
    ],
    "2.7B": [
      0.03864836,
      0.01844335,
      0.01328731,
      0.01169246,
      0.00923202,
      0.00753895,
      0.00585309,
      0.00474875,
      0.00410629,
      0.00341194,
      0.00333864,
      0.00297896,
      0.00286408,
      0.00240334,
      0.00233063,
      0.00221004,
      0.00213486,
      0.0019905,
      0.00185059,
      0.00177476
    ],
    "6.7B": [
      0.03275118,
      0.0178478,
      0.01308754,
      0.01100886,
      0.00873898,
      0.00748978,
      0.00605244,
      0.00465387,
      0.00428021,
      0.00386538,
      0.00375663,
      0.00336584,
      0.00278829,
      0.00264447,
      0.00239341,
      0.00231779,
      0.00224821,
      0.00208147,
      0.00197984,
      0.001776
    ],
    "13B": [
      0.02629796,
      0.0118423,
      0.00884856,
      0.00738857,
      0.00640485,
      0.00490176,
      0.00404906,
      0.00328123,
      0.00288685,
      0.00267946,
      0.00256576,
      0.00231591,
      0.00217871,
      0.0019213,
      0.00176936,
      0.00171071,
      0.00153957,
      0.001465,
      0.0014169,
      0.0013216
    ]
  },
  "OpenAI": {
    "text-embedding-3-large": [
      0.04825973,
      0.02256466,
      0.01877575,
      0.01665628,
      0.01222993,
      0.01010405,
      0.00933224,
      0.00858608,
      0.00772517,
      0.00685084,
      0.00647946,
      0.00631695,
      0.00554726,
      0.00521004,
      0.00472591,
      0.00467111,
      0.00412994,
      0.00398765,
      0.00391737,
      0.00350184
    ],
    "text-embedding-3-small": [
      0.05836196,
      0.02316258,
      0.02021348,
      0.0159744,
      0.01136088,
      0.00940028,
      0.00876151,
      0.00781797,
      0.00774788,
      0.00682608,
      0.00657911,
      0.00606545,
      0.00526353,
      0.00505343,
      0.00481905,
      0.00446019,
      0.00431364,
      0.0036296,
      0.00338917,
      0.00336856
    ]
  },
  "Pythia": {
    "70M": [
      0.00013478,
      5.693e-05,
      4.305e-05,
      3.557e-05,
      3.225e-05,
      2.596e-05,
      1.757e-05,
      1.513e-05,
      1.352e-05,
      1.316e-05,
      1.191e-05,
      1.024e-05,
      1.012e-05,
      9.12e-06,
      8.46e-06,
      7.72e-06,
      7.3e-06,
      5.88e-06,
      5.57e-06,
      5.27e-06
    ],
    "160M": [
      0.00037944,
      0.00014409,
      0.00011165,
      9.418e-05,
      8.762e-05,
      6.938e-05,
      4.671e-05,
      4.512e-05,
      4.38e-05,
      3.676e-05,
      3.48e-05,
      3.091e-05,
      2.843e-05,
      2.605e-05,
      2.444e-05,
      2.317e-05,
      2.016e-05,
      1.875e-05,
      1.802e-05,
      1.74e-05
    ],
    "410M": [
      0.01338623,
      0.00713005,
      0.00498925,
      0.00420432,
      0.00306731,
      0.00258483,
      0.00188445,
      0.00159488,
      0.00135107,
      0.00112893,
      0.00112252,
      0.00107957,
      0.00097815,
      0.00092272,
      0.00088403,
      0.0007468,
      0.00072429,
      0.00069529,
      0.00062787,
      0.00058647
    ],
    "1B": [
      0.01950556,
      0.00894934,
      0.00714502,
      0.0054602,
      0.00419435,
      0.00349676,
      0.00275351,
      0.00214747,
      0.00185584,
      0.00168984,
      0.00152133,
      0.00137165,
      0.00126722,
      0.00116899,
      0.00107058,
      0.00095681,
      0.00089635,
      0.00083944,
      0.00081298,
      0.00078138
    ],
    "1.4B": [
      0.01726938,
      0.00827298,
      0.00686081,
      0.00515212,
      0.0040216,
      0.00334715,
      0.00271306,
      0.00201499,
      0.00193224,
      0.00167623,
      0.00151335,
      0.00136655,
      0.00129433,
      0.00120759,
      0.00113993,
      0.00097007,
      0.00095466,
      0.00089141,
      0.00084891,
      0.00079693
    ],
    "2.8B": [
      0.02551404,
      0.01200358,
      0.00973052,
      0.00771486,
      0.00566585,
      0.00517015,
      0.00410554,
      0.00308377,
      0.00272728,
      0.00254685,
      0.00227646,
      0.00214626,
      0.00201715,
      0.00174444,
      0.00156551,
      0.00145747,
      0.00143032,
      0.00140139,
      0.00129673,
      0.00124199
    ],
    "6.9B": [
      0.02789508,
      0.01364697,
      0.01064334,
      0.00817191,
      0.00755214,
      0.00567388,
      0.00518408,
      0.00392074,
      0.00366067,
      0.00309635,
      0.00285455,
      0.00276156,
      0.00243431,
      0.00217352,
      0.0018022,
      0.00176377,
      0.00170455,
      0.00167112,
      0.00150856,
      0.00147767
    ],
    "12B": [
      0.02237612,
      0.01147607,
      0.009079,
      0.0072552,
      0.00622641,
      0.00457931,
      0.0043484,
      0.00359033,
      0.00307975,
      0.00263344,
      0.00227447,
      0.00223788,
      0.00213766,
      0.00206768,
      0.00173803,
      0.00165827,
      0.00146685,
      0.00140856,
      0.00135386,
      0.0012725
    ]
  },
  "Qwen2.5": {
    "0.5B": [
      0.01504353,
      0.00530611,
      0.00424561,
      0.00312216,
      0.00283604,
      0.00159665,
      0.00131774,
      0.00126996,
      0.00106931,
      0.00087577,
      0.00084527,
      0.00076733,
      0.00065774,
      0.00059428,
      0.0005104,
      0.00049915,
      0.00046447,
      0.00043153,
      0.00038491,
      0.00032615
    ],
    "1.5B": [
      0.00560397,
      0.00284702,
      0.00242557,
      0.00168273,
      0.00156619,
      0.00102439,
      0.0008227,
      0.00080544,
      0.00072473,
      0.0005612,
      0.00050306,
      0.00048049,
      0.00044684,
      0.00038685,
      0.00033824,
      0.00029356,
      0.00026692,
      0.00023608,
      0.00022798,
      0.00022658
    ],
    "3B": [
      0.00863386,
      0.00372759,
      0.0030116,
      0.00252574,
      0.00221193,
      0.00162066,
      0.00137329,
      0.00119643,
      0.00106154,
      0.00079783,
      0.0007542,
      0.00065535,
      0.00063519,
      0.00055557,
      0.00054861,
      0.00042527,
      0.00040691,
      0.00039095,
      0.00036096,
      0.00035283
    ],