{
  "family": "Pythia",
  "num_instances": 350,
  "num_candidates": 49,
  "seed": 42,
  "results": {
    "genre": {
      "70M": 0.19142857142857142,
      "160M": 0.19142857142857142,
      "410M": 0.20285714285714285,
      "1B": 0.19714285714285715,
      "1.4B": 0.21142857142857144,
      "2.8B": 0.21714285714285714,
      "6.9B": 0.2571428571428571,
      "12B": 0.22857142857142856
    },
    "bookshelf": {
      "70M": 0.11714285714285715,
      "160M": 0.12,
      "410M": 0.12857142857142856,
      "1B": 0.13142857142857142,
      "1.4B": 0.12,
      "2.8B": 0.12857142857142856,
      "6.9B": 0.14285714285714285,
      "12B": 0.13428571428571429
    },
    "subject": {
      "70M": 0.2342857142857143,
      "160M": 0.24285714285714285,
      "410M": 0.24,
      "1B": 0.26,
      "1.4B": 0.24571428571428572,
      "2.8B": 0.26571428571428574,
      "6.9B": 0.26285714285714284,
      "12B": 0.26
    }
  }
}