{
  "model_family": "Pythia",
  "model_size": "410M",
  "n_books": 500,
  "n_clusters": 37,
  "n_noise": 112,
  "cluster_sizes": {
    "0": 12,
    "1": 23,
    "2": 11,
    "3": 6,
    "4": 5,
    "5": 6,
    "6": 17,
    "7": 15,
    "8": 8,
    "9": 5,
    "10": 18,
    "11": 9,
    "12": 15,
    "13": 8,
    "14": 8,
    "15": 8,
    "16": 8,
    "17": 5,
    "18": 5,
    "19": 7,
    "20": 6,
    "21": 12,
    "22": 7,
    "23": 5,
    "24": 5,
    "25": 11,
    "26": 6,
    "27": 27,
    "28": 5,
    "29": 11,
    "30": 7,
    "31": 26,
    "32": 8,
    "33": 6,
    "34": 16,
    "35": 13,
    "36": 18
  },
  "cluster_stability": {
    "0": 0.352859,
    "1": 0.141042,
    "2": 0.597483,
    "3": 0.085169,
    "4": 0.921552,
    "5": 0.068835,
    "6": 0.098521,
    "7": 0.181837,
    "8": 0.132691,
    "9": 0.02143,
    "10": 0.140003,
    "11": 0.12219,
    "12": 0.097907,
    "13": 0.0888,
    "14": 0.313198,
    "15": 0.023035,
    "16": 0.039023,
    "17": 0.003779,
    "18": 0.003416,
    "19": 0.130426,
    "20": 0.121374,
    "21": 0.137275,
    "22": 0.102502,
    "23": 0.0,
    "24": 0.046081,
    "25": 0.060238,
    "26": 0.003857,
    "27": 0.050107,
    "28": 0.008448,
    "29": 0.011827,
    "30": 0.010623,
    "31": 0.041549,
    "32": 0.009874,
    "33": 0.003766,
    "34": 0.146338,
    "35": 0.025702,
    "36": 0.104144
  }
}