{
  "family": "Qwen3-Embedding",
  "num_instances": 350,
  "num_candidates": 49,
  "seed": 42,
  "results": {
    "genre": {
      "0.6B": 0.23714285714285716,
      "4B": 0.24857142857142858,
      "8B": 0.28285714285714286
    },
    "bookshelf": {
      "0.6B": 0.12285714285714286,
      "4B": 0.13428571428571429,
      "8B": 0.1457142857142857
    },
    "subject": {
      "0.6B": 0.28,
      "4B": 0.3,
      "8B": 0.31142857142857144
    }
  }
}