{
  "family": "Qwen3-Embedding",
  "num_instances": 350,
  "num_candidates": 49,
  "seed": 42,
  "results": {
    "genre": {
      "0.6B": 0.2542857142857143,
      "4B": 0.28,
      "8B": 0.32285714285714284
    },
    "bookshelf": {
      "0.6B": 0.10285714285714286,
      "4B": 0.13142857142857142,
      "8B": 0.14
    },
    "subject": {
      "0.6B": 0.3057142857142857,
      "4B": 0.3057142857142857,
      "8B": 0.3314285714285714
    }
  }
}