{
  "model_family": "Cerebras-GPT",
  "model_size": "1.3B",
  "n_books": 500,
  "n_clusters": 26,
  "n_noise": 108,
  "cluster_sizes": {
    "0": 12,
    "1": 12,
    "2": 16,
    "3": 17,
    "4": 12,
    "5": 17,
    "6": 22,
    "7": 6,
    "8": 9,
    "9": 16,
    "10": 7,
    "11": 8,
    "12": 9,
    "13": 7,
    "14": 17,
    "15": 7,
    "16": 26,
    "17": 8,
    "18": 52,
    "19": 6,
    "20": 13,
    "21": 24,
    "22": 27,
    "23": 12,
    "24": 5,
    "25": 25
  },
  "cluster_stability": {
    "0": 0.614646,
    "1": 0.503247,
    "2": 0.179926,
    "3": 0.347701,
    "4": 0.553483,
    "5": 0.16786,
    "6": 0.232453,
    "7": 0.381828,
    "8": 0.088314,
    "9": 0.176401,
    "10": 0.450343,
    "11": 0.211323,
    "12": 0.170534,
    "13": 0.019117,
    "14": 0.219394,
    "15": 0.044637,
    "16": 0.145551,
    "17": 0.047787,
    "18": 0.049174,
    "19": 0.02041,
    "20": 0.112824,
    "21": 0.065571,
    "22": 0.118036,
    "23": 0.013415,
    "24": 0.006936,
    "25": 0.03585
  }
}