{
  "model_family": "Pythia",
  "model_size": "12B",
  "n_books": 500,
  "n_clusters": 28,
  "n_noise": 82,
  "cluster_sizes": {
    "0": 11,
    "1": 26,
    "2": 9,
    "3": 18,
    "4": 15,
    "5": 7,
    "6": 15,
    "7": 16,
    "8": 18,
    "9": 9,
    "10": 20,
    "11": 8,
    "12": 22,
    "13": 16,
    "14": 44,
    "15": 10,
    "16": 17,
    "17": 6,
    "18": 6,
    "19": 6,
    "20": 7,
    "21": 18,
    "22": 14,
    "23": 7,
    "24": 10,
    "25": 42,
    "26": 6,
    "27": 15
  },
  "cluster_stability": {
    "0": 0.243021,
    "1": 0.271159,
    "2": 0.30536,
    "3": 0.424582,
    "4": 0.159638,
    "5": 0.341975,
    "6": 0.101601,
    "7": 0.253777,
    "8": 0.370211,
    "9": 0.274653,
    "10": 0.139851,
    "11": 0.053167,
    "12": 0.106796,
    "13": 0.024561,
    "14": 0.059129,
    "15": 0.054347,
    "16": 0.419228,
    "17": 0.728094,
    "18": 0.013868,
    "19": 0.215901,
    "20": 0.10472,
    "21": 0.109507,
    "22": 0.221745,
    "23": 0.026758,
    "24": 0.059324,
    "25": 0.037679,
    "26": 0.380556,
    "27": 0.111259
  }
}