{
  "family": "Qwen2.5",
  "n_sizes": 4,
  "sizes": [
    "0.5B",
    "1.5B",
    "3B",
    "7B"
  ],
  "per_size": [
    {
      "size": "0.5B",
      "n_clusters": 30,
      "n_noise": 86,
      "mean": 0.14661966666666665,
      "std": 0.14984510105468543,
      "median": 0.108069,
      "min": 0.004811,
      "max": 0.661483
    },
    {
      "size": "1.5B",
      "n_clusters": 27,
      "n_noise": 107,
      "mean": 0.1172918888888889,
      "std": 0.09637976834390447,
      "median": 0.099275,
      "min": 0.0,
      "max": 0.389898
    },
    {
      "size": "3B",
      "n_clusters": 35,
      "n_noise": 117,
      "mean": 0.10670288571428571,
      "std": 0.12245539857451807,
      "median": 0.080601,
      "min": 0.0,
      "max": 0.612441
    },
    {
      "size": "7B",
      "n_clusters": 30,
      "n_noise": 122,
      "mean": 0.120352,
      "std": 0.13049503689310693,
      "median": 0.086973,
      "min": 0.0,
      "max": 0.677394
    }
  ]
}