{
  "model_family": "Qwen3-Embedding",
  "model_size": "8B",
  "n_books": 500,
  "n_clusters": 27,
  "n_noise": 92,
  "cluster_sizes": {
    "0": 77,
    "1": 20,
    "2": 36,
    "3": 7,
    "4": 15,
    "5": 25,
    "6": 14,
    "7": 6,
    "8": 7,
    "9": 5,
    "10": 5,
    "11": 8,
    "12": 10,
    "13": 10,
    "14": 16,
    "15": 26,
    "16": 8,
    "17": 8,
    "18": 7,
    "19": 9,
    "20": 14,
    "21": 12,
    "22": 13,
    "23": 25,
    "24": 5,
    "25": 5,
    "26": 15
  },
  "cluster_stability": {
    "0": 0.143082,
    "1": 0.454925,
    "2": 0.148088,
    "3": 0.515476,
    "4": 0.403829,
    "5": 0.521559,
    "6": 0.437492,
    "7": 0.010783,
    "8": 0.073,
    "9": 0.0,
    "10": 0.0,
    "11": 0.416885,
    "12": 0.044318,
    "13": 0.087397,
    "14": 0.252576,
    "15": 0.135833,
    "16": 0.07441,
    "17": 0.161038,
    "18": 0.016406,
    "19": 0.06163,
    "20": 0.144102,
    "21": 0.107764,
    "22": 0.177681,
    "23": 0.123867,
    "24": 0.24926,
    "25": 0.042811,
    "26": 0.019333
  }
}