{
  "family": "Cerebras-GPT",
  "num_instances": 350,
  "num_candidates": 49,
  "seed": 42,
  "results": {
    "genre": {
      "111M": 0.18,
      "256M": 0.18571428571428572,
      "590M": 0.18571428571428572,
      "1.3B": 0.22285714285714286,
      "2.7B": 0.2057142857142857,
      "6.7B": 0.22285714285714286,
      "13B": 0.22857142857142856
    },
    "bookshelf": {
      "111M": 0.11714285714285715,
      "256M": 0.12285714285714286,
      "590M": 0.11428571428571428,
      "1.3B": 0.13428571428571429,
      "2.7B": 0.13428571428571429,
      "6.7B": 0.15142857142857144,
      "13B": 0.13714285714285715
    },
    "subject": {
      "111M": 0.22285714285714286,
      "256M": 0.2542857142857143,
      "590M": 0.24571428571428572,
      "1.3B": 0.2542857142857143,
      "2.7B": 0.26,
      "6.7B": 0.2742857142857143,
      "13B": 0.26571428571428574
    }
  }
}