{
  "model_family": "Pythia",
  "model_size": "1B",
  "n_books": 500,
  "n_clusters": 27,
  "n_noise": 108,
  "cluster_sizes": {
    "0": 10,
    "1": 23,
    "2": 6,
    "3": 9,
    "4": 13,
    "5": 11,
    "6": 13,
    "7": 12,
    "8": 9,
    "9": 80,
    "10": 7,
    "11": 8,
    "12": 7,
    "13": 33,
    "14": 5,
    "15": 9,
    "16": 17,
    "17": 8,
    "18": 7,
    "19": 21,
    "20": 17,
    "21": 6,
    "22": 26,
    "23": 13,
    "24": 11,
    "25": 6,
    "26": 5
  },
  "cluster_stability": {
    "0": 0.183389,
    "1": 0.200614,
    "2": 0.053416,
    "3": 0.46246,
    "4": 0.274881,
    "5": 0.545044,
    "6": 0.23173,
    "7": 0.242955,
    "8": 0.024557,
    "9": 0.060769,
    "10": 0.258007,
    "11": 0.160796,
    "12": 0.041245,
    "13": 0.051853,
    "14": 0.057398,
    "15": 0.019996,
    "16": 0.101976,
    "17": 0.168877,
    "18": 0.016939,
    "19": 0.161088,
    "20": 0.367403,
    "21": 0.041414,
    "22": 0.025666,
    "23": 0.107056,
    "24": 0.104864,
    "25": 0.048493,
    "26": 0.001454
  }
}