{
  "family": "Qwen2.5",
  "num_instances": 350,
  "num_candidates": 49,
  "seed": 42,
  "results": {
    "genre": {
      "0.5B": 0.18285714285714286,
      "1.5B": 0.16,
      "3B": 0.1657142857142857,
      "7B": 0.18857142857142858
    },
    "bookshelf": {
      "0.5B": 0.14285714285714285,
      "1.5B": 0.15714285714285714,
      "3B": 0.14857142857142858,
      "7B": 0.13714285714285715
    },
    "subject": {
      "0.5B": 0.23142857142857143,
      "1.5B": 0.23714285714285716,
      "3B": 0.23142857142857143,
      "7B": 0.23142857142857143
    }
  }
}