{
  "model_family": "Cerebras-GPT",
  "model_size": "590M",
  "n_books": 500,
  "n_clusters": 30,
  "n_noise": 102,
  "cluster_sizes": {
    "0": 13,
    "1": 22,
    "2": 11,
    "3": 7,
    "4": 14,
    "5": 18,
    "6": 9,
    "7": 13,
    "8": 10,
    "9": 18,
    "10": 7,
    "11": 5,
    "12": 25,
    "13": 40,
    "14": 13,
    "15": 26,
    "16": 18,
    "17": 8,
    "18": 8,
    "19": 6,
    "20": 8,
    "21": 12,
    "22": 8,
    "23": 12,
    "24": 5,
    "25": 26,
    "26": 9,
    "27": 11,
    "28": 7,
    "29": 9
  },
  "cluster_stability": {
    "0": 0.523256,
    "1": 0.22756,
    "2": 0.30214,
    "3": 0.113808,
    "4": 0.117841,
    "5": 0.306532,
    "6": 0.290527,
    "7": 0.09021,
    "8": 0.125159,
    "9": 0.110182,
    "10": 0.048529,
    "11": 0.016127,
    "12": 0.109297,
    "13": 0.054909,
    "14": 0.453626,
    "15": 0.084096,
    "16": 0.068393,
    "17": 0.02927,
    "18": 0.140842,
    "19": 0.05707,
    "20": 0.038981,
    "21": 0.434924,
    "22": 0.025121,
    "23": 0.198021,
    "24": 0.009759,
    "25": 0.035464,
    "26": 0.090605,
    "27": 0.086902,
    "28": 0.140848,
    "29": 0.022599
  }
}