{
  "model_family": "Qwen2.5",
  "model_size": "1.5B",
  "n_books": 500,
  "n_clusters": 27,
  "n_noise": 107,
  "cluster_sizes": {
    "0": 11,
    "1": 26,
    "2": 11,
    "3": 19,
    "4": 6,
    "5": 11,
    "6": 13,
    "7": 8,
    "8": 14,
    "9": 19,
    "10": 13,
    "11": 19,
    "12": 11,
    "13": 5,
    "14": 6,
    "15": 7,
    "16": 33,
    "17": 38,
    "18": 9,
    "19": 13,
    "20": 7,
    "21": 5,
    "22": 8,
    "23": 13,
    "24": 36,
    "25": 16,
    "26": 16
  },
  "cluster_stability": {
    "0": 0.220737,
    "1": 0.14229,
    "2": 0.242252,
    "3": 0.116196,
    "4": 0.113847,
    "5": 0.050419,
    "6": 0.361628,
    "7": 0.389898,
    "8": 0.119068,
    "9": 0.110939,
    "10": 0.182727,
    "11": 0.092089,
    "12": 0.125316,
    "13": 0.043297,
    "14": 0.00934,
    "15": 0.060811,
    "16": 0.099275,
    "17": 0.063705,
    "18": 0.163976,
    "19": 0.045117,
    "20": 0.034853,
    "21": 0.0,
    "22": 0.051557,
    "23": 0.084148,
    "24": 0.016873,
    "25": 0.194951,
    "26": 0.031572
  }
}