{
  "model_family": "Qwen2.5",
  "model_size": "7B",
  "n_books": 500,
  "n_clusters": 30,
  "n_noise": 122,
  "cluster_sizes": {
    "0": 11,
    "1": 20,
    "2": 11,
    "3": 12,
    "4": 22,
    "5": 6,
    "6": 17,
    "7": 9,
    "8": 7,
    "9": 13,
    "10": 6,
    "11": 22,
    "12": 26,
    "13": 12,
    "14": 18,
    "15": 6,
    "16": 30,
    "17": 15,
    "18": 14,
    "19": 29,
    "20": 8,
    "21": 5,
    "22": 6,
    "23": 5,
    "24": 12,
    "25": 7,
    "26": 7,
    "27": 5,
    "28": 7,
    "29": 10
  },
  "cluster_stability": {
    "0": 0.226259,
    "1": 0.126319,
    "2": 0.297623,
    "3": 0.127461,
    "4": 0.1898,
    "5": 0.677394,
    "6": 0.051475,
    "7": 0.055761,
    "8": 0.019052,
    "9": 0.089049,
    "10": 0.252915,
    "11": 0.149737,
    "12": 0.16444,
    "13": 0.127039,
    "14": 0.088119,
    "15": 0.013389,
    "16": 0.085827,
    "17": 0.097929,
    "18": 0.201475,
    "19": 0.06952,
    "20": 0.231417,
    "21": 0.03587,
    "22": 0.053538,
    "23": 0.0,
    "24": 0.013736,
    "25": 0.013797,
    "26": 0.059063,
    "27": 0.041218,
    "28": 0.023471,
    "29": 0.027867
  }
}