{
  "family": "Pythia",
  "kernels": [
    "linear",
    "cosine",
    "rbf"
  ],
  "n_books": 500,
  "sizes": [
    "70M",
    "160M",
    "410M",
    "1B",
    "1.4B",
    "2.8B",
    "6.9B",
    "12B"
  ],
  "cka": {
    "linear": [
      [
        1.0,
        0.9667524013382465,
        0.944422388405162,
        0.9176794503017167,
        0.9189498179660632,
        0.9141131986335022,
        0.8967764061545153,
        0.877990899693049
      ],
      [
        0.9667524013382465,
        1.0,
        0.9537282034955011,
        0.9325083386899847,
        0.9348192486226461,
        0.9279772881296533,
        0.9122033758107045,
        0.8930252094327675
      ],
      [
        0.944422388405162,
        0.9537282034955011,
        1.0,
        0.9718977450041406,
        0.9764170707500379,
        0.9694303879704106,
        0.9536140097794575,
        0.928275208144483
      ],
      [
        0.9176794503017167,
        0.9325083386899847,
        0.9718977450041406,
        1.0,
        0.9857635492997979,
        0.9812393452817249,
        0.9718493791662935,
        0.9519253966459087
      ],
      [
        0.9189498179660632,
        0.9348192486226461,
        0.9764170707500379,
        0.9857635492997979,
        1.0,
        0.9862627975343504,
        0.9793842657470754,
        0.9549965866587913
      ],
      [
        0.9141131986335022,
        0.9279772881296533,
        0.9694303879704106,
        0.9812393452817249,
        0.9862627975343504,
        1.0,
        0.9840933753801198,
        0.9623786122910646
      ],
      [
        0.8967764061545153,
        0.9122033758107045,
        0.9536140097794575,
        0.9718493791662935,
        0.9793842657470754,
        0.9840933753801198,
        1.0,
        0.9773152984814187
      ],
      [
        0.877990899693049,
        0.8930252094327675,
        0.928275208144483,
        0.9519253966459087,
        0.9549965866587913,
        0.9623786122910646,
        0.9773152984814187,
        1.0
      ]
    ],
    "cosine": [
      [
        1.0,
        0.9667524016759519,
        0.9444223893722301,
        0.9176794512084594,
        0.9189498199575051,
        0.9141131994888486,
        0.8967764064421851,
        0.8779908980746911
      ],
      [
        0.9667524016759519,
        1.0,
        0.9537282035641497,
        0.9325083387448254,
        0.9348192496063438,
        0.9279772887794566,
        0.912203375847456,
        0.8930252072439927
      ],
      [
        0.9444223893722301,
        0.9537282035641497,
        1.0,
        0.9718977451087243,
        0.9764170712302637,
        0.9694303886140077,
        0.9536140106272839,
        0.9282752073191125
      ],
      [
        0.9176794512084594,
        0.9325083387448254,
        0.9718977451087243,
        1.0,
        0.985763549529579,
        0.9812393461111674,
        0.9718493794267747,
        0.9519253954239073
      ],
      [
        0.9189498199575051,
        0.9348192496063438,
        0.9764170712302637,
        0.985763549529579,
        1.0,
        0.9862627974118447,
        0.979384265668512,
        0.954996585078502
      ],
      [
        0.9141131994888486,
        0.9279772887794566,
        0.9694303886140077,
        0.9812393461111674,
        0.9862627974118447,
        1.0,
        0.9840933753676548,
        0.9623786116422152
      ],
      [
        0.8967764064421851,
        0.912203375847456,
        0.9536140106272839,
        0.9718493794267747,
        0.979384265668512,
        0.9840933753676548,
        1.0,
        0.9773152983806023
      ],
      [
        0.8779908980746911,
        0.8930252072439927,
        0.9282752073191125,
        0.9519253954239073,
        0.954996585078502,
        0.9623786116422152,
        0.9773152983806023,
        1.0
      ]
    ],
    "rbf": [
      [
        1.0,
        0.9746765847255063,
        0.9541904392160899,
        0.9333835950652188,
        0.9330296403187041,
        0.923658690437657,
        0.9125790973590991,
        0.8957898560515279
      ],
      [
        0.9746765847255063,
        1.0,
        0.9619262315816332,
        0.9450693900454308,
        0.9459991256430813,
        0.9355567771880876,
        0.9255561296513288,
        0.9102456154427683
      ],
      [
        0.9541904392160899,
        0.9619262315816332,
        1.0,
        0.9782297960668654,
        0.9810750949933241,
        0.9736351656884651,
        0.9633902404431475,
        0.9399017734743748
      ],
      [
        0.9333835950652188,
        0.9450693900454308,
        0.9782297960668654,
        1.0,
        0.9896232610083268,
        0.9853336547927883,
        0.9782972710239873,
        0.9570075424051975
      ],
      [
        0.9330296403187041,
        0.9459991256430813,
        0.9810750949933241,
        0.9896232610083268,
        1.0,
        0.9890155789539745,
        0.9834856488598277,
        0.961321895567737
      ],
      [
        0.923658690437657,
        0.9355567771880876,
        0.9736351656884651,
        0.9853336547927883,
        0.9890155789539745,
        1.0,
        0.9887776120815723,
        0.9676998327092412
      ],
      [
        0.9125790973590991,
        0.9255561296513288,
        0.9633902404431475,
        0.9782972710239873,
        0.9834856488598277,
        0.9887776120815723,
        1.0,
        0.9813290177758085
      ],
      [
        0.8957898560515279,
        0.9102456154427683,
        0.9399017734743748,
        0.9570075424051975,
        0.961321895567737,
        0.9676998327092412,
        0.9813290177758085,
        1.0
      ]
    ]
  }
}