{
  "family": "Qwen3-Embedding",
  "k": 20,
  "n_books": 500,
  "sizes": [
    "0.6B",
    "4B",
    "8B"
  ],
  "pairs": [
    {
      "size_a": "0.6B",
      "size_b": "4B",
      "label": "0.6B \u2192 4B",
      "is_adjacent": true,
      "spearman": {
        "mean": 0.9297111798536831,
        "std": 0.027788772628276327,
        "median": 0.934614047371852
      },
      "jaccard": {
        "mean": 0.6251668923565241,
        "std": 0.1209176997886912,
        "median": 0.6
      }
    },
    {
      "size_a": "4B",
      "size_b": "8B",
      "label": "4B \u2192 8B",
      "is_adjacent": true,
      "spearman": {
        "mean": 0.9616078392930438,
        "std": 0.01405700418536325,
        "median": 0.9646010575367603
      },
      "jaccard": {
        "mean": 0.6879019112321961,
        "std": 0.12092240963576605,
        "median": 0.6666666666666666
      }
    }
  ],
  "all_pairs": [
    {
      "size_a": "0.6B",
      "size_b": "4B",
      "label": "0.6B \u2192 4B",
      "is_adjacent": true,
      "spearman": {
        "mean": 0.9297111798536831,
        "std": 0.027788772628276327,
        "median": 0.934614047371852
      },
      "jaccard": {
        "mean": 0.6251668923565241,
        "std": 0.1209176997886912,
        "median": 0.6
      }
    },
    {
      "size_a": "0.6B",
      "size_b": "8B",
      "label": "0.6B \u2192 8B",
      "is_adjacent": false,
      "spearman": {
        "mean": 0.9161420373276673,
        "std": 0.0316813954580589,
        "median": 0.9219957988265688
      },
      "jaccard": {
        "mean": 0.5778820609826769,
        "std": 0.13685888275825311,
        "median": 0.6
      }
    },
    {
      "size_a": "4B",
      "size_b": "8B",
      "label": "4B \u2192 8B",
      "is_adjacent": true,
      "spearman": {
        "mean": 0.9616078392930438,
        "std": 0.01405700418536325,
        "median": 0.9646010575367603
      },
      "jaccard": {
        "mean": 0.6879019112321961,
        "std": 0.12092240963576605,
        "median": 0.6666666666666666
      }
    }
  ]
}