{
  "model_family": "OpenAI",
  "model_size": "text-embedding-3-large",
  "n_books": 500,
  "n_clusters": 32,
  "n_noise": 103,
  "cluster_sizes": {
    "0": 13,
    "1": 5,
    "2": 23,
    "3": 5,
    "4": 6,
    "5": 14,
    "6": 7,
    "7": 19,
    "8": 7,
    "9": 15,
    "10": 16,
    "11": 7,
    "12": 13,
    "13": 9,
    "14": 5,
    "15": 5,
    "16": 18,
    "17": 5,
    "18": 16,
    "19": 9,
    "20": 15,
    "21": 27,
    "22": 20,
    "23": 11,
    "24": 10,
    "25": 10,
    "26": 18,
    "27": 6,
    "28": 23,
    "29": 25,
    "30": 5,
    "31": 10
  },
  "cluster_stability": {
    "0": 0.495823,
    "1": 0.937511,
    "2": 0.282194,
    "3": 0.0,
    "4": 0.107933,
    "5": 0.069064,
    "6": 0.073649,
    "7": 0.093117,
    "8": 0.384681,
    "9": 0.087094,
    "10": 0.299117,
    "11": 0.039071,
    "12": 0.021684,
    "13": 0.238502,
    "14": 0.251691,
    "15": 0.021338,
    "16": 0.293892,
    "17": 0.0,
    "18": 0.164089,
    "19": 0.112961,
    "20": 0.195013,
    "21": 0.136931,
    "22": 0.140316,
    "23": 0.257561,
    "24": 0.156794,
    "25": 0.069571,
    "26": 0.171343,
    "27": 0.155838,
    "28": 0.036422,
    "29": 0.110184,
    "30": 0.0,
    "31": 0.121998
  }
}